File Name,File Type,Telephony,Permission.ACCESS,Permission.RECORD,RequestPermissions,Connection(),Permission.Camera,BOOT_COMPLETED,StartActivityForResult,GetPackageInfo,GetInstallledApplication,GetDeclaredMethod,ZipInputSTream,registerReceiver
BhimUpi1,.txt,0,0,0,0,0,0,0,0,0,0,0,0,0
BhimUpi10,.txt,0,0,0,0,0,0,0,0,0,0,0,0,0
BhimUpi2,.txt,0,0,0,0,0,0,0,0,0,0,0,0,0
BhimUpi3,.txt,0,0,0,0,0,0,0,0,0,0,0,0,0
BhimUpi4,.txt,0,0,0,0,0,0,0,0,0,0,0,0,0
BhimUpi5,.txt,0,0,0,0,0,0,0,0,0,0,0,0,0
BhimUpi6,.txt,0,0,0,0,0,0,0,0,0,0,0,0,0
BhimUpi7,.txt,0,0,0,0,0,0,0,0,0,0,0,0,0
BhimUpi8,.txt,0,0,0,0,0,0,0,0,0,0,0,0,0
BhimUpi9,.txt,0,0,0,0,0,0,0,0,0,0,0,0,0
BhuNaksh1,.txt,0,0,0,0,0,0,0,0,0,0,0,0,0
BhuNaksh2,.txt,0,0,0,0,0,0,0,0,0,0,0,0,0
BhuNaksh3,.txt,0,0,0,0,0,0,0,0,0,0,0,0,0
BhuNaksh4,.txt,0,0,0,0,0,0,0,0,0,0,0,0,0
BhuNaksh5,.txt,0,0,0,0,0,0,0,0,0,0,0,0,0
CRED1,.txt,0,0,0,0,0,0,0,0,0,0,0,0,0
CRED10,.txt,0,0,0,0,0,0,0,0,0,0,0,0,0
CRED2,.txt,0,0,0,0,0,0,0,0,0,0,0,0,0
CRED3,.txt,0,0,0,0,0,0,0,0,0,0,0,0,0
CRED4,.txt,0,0,0,0,0,0,0,0,0,0,0,0,0
CRED5,.txt,0,0,0,0,0,0,0,0,0,0,0,0,0
CRED6,.txt,0,0,0,0,0,0,0,0,0,0,0,0,0
CRED7,.txt,0,0,0,0,0,0,0,0,0,0,0,0,0
CRED8,.txt,0,0,0,0,0,0,0,0,0,0,0,0,0
CRED9,.txt,0,0,0,0,0,0,0,0,0,0,0,0,0
digitalindia1,.txt,0,0,0,0,0,0,0,0,0,0,0,0,0
digitalindia2,.txt,0,0,0,0,0,0,0,0,0,0,0,0,0
digitalindia3,.txt,0,0,0,0,0,0,0,0,0,0,0,0,0
digitalindia4,.txt,0,0,0,0,0,0,0,0,0,0,0,0,0
digitalindia5,.txt,0,0,0,0,0,0,0,0,0,0,0,0,0
digitalindia6,.txt,0,0,0,0,0,0,0,0,0,0,0,0,0
digitalindia7,.txt,0,0,0,0,0,0,0,0,0,0,0,0,0
digitalindia8,.txt,0,0,0,0,0,0,0,0,0,0,0,0,0
digitalindia9,.txt,0,0,0,0,0,0,0,0,0,0,0,0,0
eCourt1,.txt,0,0,0,0,0,0,0,0,0,0,0,0,0
eCourt2,.txt,0,0,0,0,0,0,0,0,0,0,0,0,0
eCourt3,.txt,0,0,0,0,0,0,0,0,0,0,0,0,0
eCourt4,.txt,0,0,0,0,0,0,0,0,0,0,0,0,0
eCourt5,.txt,0,0,0,0,0,0,0,0,0,0,0,0,0
eCourt6,.txt,0,0,0,0,0,0,0,0,0,0,0,0,0
eCourt7,.txt,0,0,0,0,0,0,0,0,0,0,0,0,0
eCourt8,.txt,0,0,0,0,0,0,0,0,0,0,0,0,0
Epariksha1,.txt,0,0,0,0,0,0,0,0,0,0,0,0,0
Epariksha2,.txt,0,0,0,0,0,0,0,0,0,0,0,0,0
Epariksha3,.txt,0,0,0,0,0,0,0,0,0,0,0,0,0
Epariksha4,.txt,0,0,0,0,0,0,0,0,0,0,0,0,0
Epds1,.txt,0,0,0,0,0,0,0,0,0,0,0,0,0
Epds2,.txt,0,0,0,0,0,0,0,0,0,0,0,0,0
Epds3,.txt,0,0,0,0,0,0,0,0,0,0,0,0,0
Epds4,.txt,0,0,0,0,0,0,0,0,0,0,0,0,0
Epds5,.txt,0,0,0,0,0,0,0,0,0,0,0,0,0
Epds6,.txt,0,0,0,0,0,0,0,0,0,0,0,0,0
Fake_Digi1,.txt,0,0,0,0,0,0,0,0,0,0,0,0,0
Fake_Digi2,.txt,0,0,0,0,0,0,0,0,0,0,0,0,0
Fake_Digi3,.txt,0,0,0,0,0,0,0,0,0,0,0,0,0
Fake_Digi4,.txt,0,0,0,0,0,0,0,0,0,0,0,0,0
Fake_Digi5,.txt,0,0,0,0,0,0,0,0,0,0,0,0,0
Fake_Pan1,.txt,0,0,0,0,0,0,0,0,0,0,0,0,0
Fake_Pan2,.txt,0,0,0,0,0,0,0,0,0,0,0,0,0
Fake_Pan3,.txt,0,0,0,0,0,0,0,0,0,0,0,0,0
Fake_Pan4,.txt,0,0,0,0,0,0,0,0,0,0,0,0,0
Fake_Pan5,.txt,0,0,0,0,0,0,0,0,0,0,0,0,0
Fake_Rto1,.txt,0,0,0,0,0,0,0,0,0,0,0,0,0
Fake_Rto2,.txt,0,0,0,0,0,0,0,0,0,0,0,0,0
Fake_Rto3,.txt,0,0,0,0,0,0,0,0,0,0,0,0,0
Fake_Rto4,.txt,0,0,0,0,0,0,0,0,0,0,0,0,0
Fake_Rto5,.txt,0,0,0,0,0,0,0,0,0,0,0,0,0
gstRateFinder1,.txt,0,0,0,0,0,0,0,0,0,0,0,0,0
gstRateFinder10,.txt,0,0,0,0,0,0,0,0,0,0,0,0,0
gstRateFinder11,.txt,0,0,0,0,0,0,0,0,0,0,0,0,0
gstRateFinder12,.txt,0,0,0,0,0,0,0,0,0,0,0,0,0
gstRateFinder13,.txt,0,0,0,0,0,0,0,0,0,0,0,0,0
gstRateFinder14,.txt,0,0,0,0,0,0,0,0,0,0,0,0,0
gstRateFinder2,.txt,0,0,0,0,0,0,0,0,0,0,0,0,0
gstRateFinder3,.txt,0,0,0,0,0,0,0,0,0,0,0,0,0
gstRateFinder4,.txt,0,0,0,0,0,0,0,0,0,0,0,0,0
gstRateFinder5,.txt,0,0,0,0,0,0,0,0,0,0,0,0,0
gstRateFinder6,.txt,0,0,0,0,0,0,0,0,0,0,0,0,0
gstRateFinder7,.txt,0,0,0,0,0,0,0,0,0,0,0,0,0
gstRateFinder8,.txt,0,0,0,0,0,0,0,0,0,0,0,0,0
gstRateFinder9,.txt,0,0,0,0,0,0,0,0,0,0,0,0,0
IncomeTax1,.txt,0,0,0,0,0,0,0,0,0,0,0,0,0
IncomeTax2,.txt,0,0,0,0,0,0,0,0,0,0,0,0,0
IncomeTax3,.txt,0,0,0,0,0,0,0,0,0,0,0,0,0
IncomeTax4,.txt,0,0,0,0,0,0,0,0,0,0,0,0,0
IncomeTax5,.txt,0,0,0,0,0,0,0,0,0,0,0,0,0
IncomeTax6,.txt,0,0,0,0,0,0,0,0,0,0,0,0,0
IncomeTax7,.txt,0,0,0,0,0,0,0,0,0,0,0,0,0
irctc1,.txt,0,0,0,0,0,0,0,0,0,0,0,0,0
irctc10,.txt,0,0,0,0,0,0,0,0,0,0,0,0,0
irctc11,.txt,0,0,0,0,0,0,0,0,0,0,0,0,0
irctc12,.txt,0,0,0,0,0,0,0,0,0,0,0,0,0
irctc13,.txt,0,0,0,0,0,0,0,0,0,0,0,0,0
irctc14,.txt,0,0,0,0,0,0,0,0,0,0,0,0,0
irctc15,.txt,0,0,0,0,0,0,0,0,0,0,0,0,0
irctc2,.txt,0,0,0,0,0,0,0,0,0,0,0,0,0
irctc3,.txt,0,0,0,0,0,0,0,0,0,0,0,0,0
irctc4,.txt,0,0,0,0,0,0,0,0,0,0,0,0,0
irctc5,.txt,0,0,0,0,0,0,0,0,0,0,0,0,0
irctc6,.txt,0,0,0,0,0,0,0,0,0,0,0,0,0
irctc7,.txt,0,0,0,0,0,0,0,0,0,0,0,0,0
irctc8,.txt,0,0,0,0,0,0,0,0,0,0,0,0,0
irctc9,.txt,0,0,0,0,0,0,0,0,0,0,0,0,0
MaDad1,.txt,0,0,0,0,0,0,0,0,0,0,0,0,0
MaDad2,.txt,0,0,0,0,0,0,0,0,0,0,0,0,0
MaDad3,.txt,0,0,0,0,0,0,0,0,0,0,0,0,0
MaDad4,.txt,0,0,0,0,0,0,0,0,0,0,0,0,0
MaDad5,.txt,0,0,0,0,0,0,0,0,0,0,0,0,0
MaDad6,.txt,0,0,0,0,0,0,0,0,0,0,0,0,0
MaDad7,.txt,0,0,0,0,0,0,0,0,0,0,0,0,0
mygov1,.txt,0,0,0,0,0,0,0,0,0,0,0,0,0
mygov2,.txt,0,0,0,0,0,0,0,0,0,0,0,0,0
mygov3,.txt,0,0,0,0,0,0,0,0,0,0,0,0,0
mygov4,.txt,0,0,0,0,0,0,0,0,0,0,0,0,0
Original1,.txt,0,0,0,0,0,0,0,0,0,0,0,0,0
Original2,.txt,0,0,0,0,0,0,0,0,0,0,0,0,0
Original3,.txt,0,0,0,0,0,0,0,0,0,0,0,0,0
Original4,.txt,0,0,0,0,0,0,0,0,0,0,0,0,0
PMOIndia1,.txt,0,0,0,0,0,0,0,0,0,0,0,0,0
PMOIndia2,.txt,0,0,0,0,0,0,0,0,0,0,0,0,0
PMOIndia3,.txt,0,0,0,0,0,0,0,0,0,0,0,0,0
PMOIndia4,.txt,0,0,0,0,0,0,0,0,0,0,0,0,0
PMOIndia5,.txt,0,0,0,0,0,0,0,0,0,0,0,0,0
PMOIndia6,.txt,0,0,0,0,0,0,0,0,0,0,0,0,0
PMOIndia7,.txt,0,0,0,0,0,0,0,0,0,0,0,0,0
PMSVANidhi1,.txt,0,0,0,0,0,0,0,0,0,0,0,0,0
PMSVANidhi2,.txt,0,0,0,0,0,0,0,0,0,0,0,0,0
PMSVANidhi3,.txt,0,0,0,0,0,0,0,0,0,0,0,0,0
PMSVANidhi4,.txt,0,0,0,0,0,0,0,0,0,0,0,0,0
PMSVANidhi5,.txt,0,0,0,0,0,0,0,0,0,0,0,0,0
umang1,.txt,0,0,0,0,0,0,0,0,0,0,0,0,0
umang2,.txt,0,0,0,0,0,0,0,0,0,0,0,0,0
umang3,.txt,0,0,0,0,0,0,0,0,0,0,0,0,0
umang4,.txt,0,0,0,0,0,0,0,0,0,0,0,0,0
umang5,.txt,0,0,0,0,0,0,0,0,0,0,0,0,0
